{
  "Component-preload.js.map": 1742975557131,
  "i18n/i18n.properties": 1742973078304,
  "appconfig/fioriSandboxUser.js": 1742974982946,
  "appconfig/fioriSandboxConfig.js": 1742975428132,
  "manifest.json": 1742975556965,
  "Component.js": 1742975159279,
  "appconfig/fioriSandboxUser-dbg.js": 1742974982946,
  "appconfig/fioriSandboxUser.js.map": 1742975557072,
  "appconfig/fioriSandboxConfig-dbg.js": 1742975428132,
  "appconfig/fioriSandboxConfig.js.map": 1742975557073,
  "Component-dbg.js": 1742975159279,
  "Component.js.map": 1742975557071,
  "Component-preload.js": 1742975557131,
  "i18n/i18n_en.properties": 1742973078304,
  "css/style.css": 1742973074564,
  "index.html": 1742974964594
}