{
  "appconfig/fioriSandboxConfig.js.map": 1743394318074,
  "i18n/i18n_en.properties": 1742973078304,
  "appconfig/fioriSandboxUser.js": 1743393757570,
  "appconfig/fioriSandboxConfig.js": 1743394261496,
  "manifest.json": 1743394317944,
  "Component.js": 1742975159279,
  "Component-dbg.js": 1742975159279,
  "Component.js.map": 1743394318079,
  "appconfig/fioriSandboxConfig-dbg.js": 1743394261496,
  "i18n/i18n.properties": 1742973078304,
  "appconfig/fioriSandboxUser-dbg.js": 1743393757570,
  "appconfig/fioriSandboxUser.js.map": 1743394318083,
  "Component-preload.js": 1743394318139,
  "Component-preload.js.map": 1743394318139,
  "css/style.css": 1742973074564,
  "index.html": 1743128139282
}