{
  "appconfig/fioriSandboxConfig.js.map": 1742974607448,
  "i18n/i18n.properties": 1742973078304,
  "Component.js": 1742973067080,
  "appconfig/fioriSandboxConfig.js": 1742973967131,
  "manifest.json": 1742974607343,
  "appconfig/fioriSandboxUser.js": 1742973071800,
  "appconfig/fioriSandboxConfig-dbg.js": 1742973967131,
  "i18n/i18n_en.properties": 1742973078304,
  "Component-dbg.js": 1742973067080,
  "Component.js.map": 1742974607447,
  "appconfig/fioriSandboxUser-dbg.js": 1742973071800,
  "appconfig/fioriSandboxUser.js.map": 1742974607450,
  "Component-preload.js": 1742974607514,
  "Component-preload.js.map": 1742974607514,
  "css/style.css": 1742973074564,
  "index.html": 1742974588157
}